{"textures":{"0":"modelengine:entity/ender_dragon","particle":"#0"},"elements":[{"from":[-7.286578,7.75,14.367231],"to":[5.1134214,8.35,15.1672325],"faces":{"east":{"uv":[2.8125,3.4453125,2.84375,3.46875],"tintindex":0,"rotation":0,"texture":"#0"},"south":{"uv":[3.75,0.984375,4.234375,1.0078125],"tintindex":0,"rotation":0,"texture":"#0"},"north":{"uv":[3.734375,2.4140625,4.21875,2.4375],"tintindex":0,"rotation":0,"texture":"#0"},"west":{"uv":[2.84375,3.4453125,2.875,3.46875],"tintindex":0,"rotation":0,"texture":"#0"},"up":{"uv":[2.8125,2.15625,2.328125,2.125],"tintindex":0,"rotation":0,"texture":"#0"},"down":{"uv":[2.8125,2.15625,2.328125,2.1875],"tintindex":0,"rotation":0,"texture":"#0"}},"rotation":{"origin":[-1.3365784,7.85,8.667232],"angle":45.0,"axis":"y"}},{"from":[-11.736578,7.95,14.967232],"to":[5.2634215,7.95,26.167233],"faces":{"up":{"uv":[4.328125,0.4375,3.6640625,0.0],"tintindex":0,"rotation":0,"texture":"#0"},"down":{"uv":[4.328125,0.0,3.6640625,0.4375],"tintindex":0,"rotation":0,"texture":"#0"}},"rotation":{"origin":[-1.1865788,7.85,8.467232],"angle":45.0,"axis":"y"}}],"display":{"head":{"rotation":[0.0,0.0,0.0]},"firstperson_righthand":{"rotation":[0.0,0.0,0.0]},"thirdperson_lefthand":{"rotation":[0.0,-0.0,-0.0]},"firstperson_lefthand":{"rotation":[0.0,-0.0,-0.0]},"fixed":{"rotation":[0.0,0.0,0.0]},"ground":{"rotation":[0.0,0.0,0.0]},"thirdperson_righthand":{"rotation":[0.0,0.0,0.0]},"gui":{"rotation":[-150.0,-45.0,180.0]}}}