{"textures":{"0":"modelengine:entity/ender_dragon","particle":"#0"},"elements":[{"from":[-11.723621,8.05,12.501978],"to":[6.676379,8.05,27.101978],"faces":{"up":{"uv":[0.71875,2.4375,0.0,1.8671875],"tintindex":0,"rotation":0,"texture":"#0"},"down":{"uv":[0.71875,1.8671875,0.0,2.4375],"tintindex":0,"rotation":0,"texture":"#0"}},"rotation":{"origin":[-2.3236208,8.15,8.301977],"angle":22.5,"axis":"y"}},{"from":[-11.723621,7.55,11.501978],"to":[6.676379,8.55,12.501978],"faces":{"east":{"uv":[6.21875,7.609375,6.2578125,7.6484375],"tintindex":0,"rotation":0,"texture":"#0"},"south":{"uv":[7.328125,1.28125,8.046875,1.3203125],"tintindex":0,"rotation":0,"texture":"#0"},"north":{"uv":[7.328125,1.2421875,8.046875,1.28125],"tintindex":0,"rotation":0,"texture":"#0"},"west":{"uv":[3.2578125,7.6171875,3.296875,7.65625],"tintindex":0,"rotation":0,"texture":"#0"},"up":{"uv":[8.046875,1.359375,7.328125,1.3203125],"tintindex":0,"rotation":0,"texture":"#0"},"down":{"uv":[8.0546875,0.6796875,7.3359375,0.71875],"tintindex":0,"rotation":0,"texture":"#0"}},"rotation":{"origin":[-2.3236208,8.05,8.301977],"angle":22.5,"axis":"y"}}],"display":{"head":{"rotation":[0.0,0.0,0.0]},"firstperson_righthand":{"rotation":[0.0,0.0,0.0]},"thirdperson_lefthand":{"rotation":[0.0,-0.0,-0.0]},"firstperson_lefthand":{"rotation":[0.0,-0.0,-0.0]},"fixed":{"rotation":[0.0,0.0,0.0]},"ground":{"rotation":[0.0,0.0,0.0]},"thirdperson_righthand":{"rotation":[0.0,0.0,0.0]},"gui":{"rotation":[-150.0,-45.0,180.0]}}}