{"textures":{"0":"modelengine:entity/ender_dragon","particle":"#0"},"elements":[{"from":[-14.405487,7.9583335,11.639351],"to":[3.927846,7.9583335,27.13935],"faces":{"up":{"uv":[2.90625,3.1953125,2.046875,2.7578125],"tintindex":0,"rotation":0,"texture":"#0"},"down":{"uv":[2.90625,2.7578125,2.046875,3.1953125],"tintindex":0,"rotation":0,"texture":"#0"}},"rotation":{"origin":[0.21951771,7.875,8.556026],"angle":45.0,"axis":"y"}},{"from":[-14.572155,7.7916665,11.639351],"to":[3.927846,8.291667,12.306018],"faces":{"east":{"uv":[2.75,3.4453125,2.78125,3.46875],"tintindex":0,"rotation":0,"texture":"#0"},"south":{"uv":[7.375,3.3203125,8.2421875,3.34375],"tintindex":0,"rotation":0,"texture":"#0"},"north":{"uv":[7.1953125,5.875,8.0625,5.8984375],"tintindex":0,"rotation":0,"texture":"#0"},"west":{"uv":[2.78125,3.4453125,2.8125,3.46875],"tintindex":0,"rotation":0,"texture":"#0"},"up":{"uv":[8.1640625,5.4609375,7.296875,5.4296875],"tintindex":0,"rotation":0,"texture":"#0"},"down":{"uv":[8.1875,0.1796875,7.3203125,0.2109375],"tintindex":0,"rotation":0,"texture":"#0"}},"rotation":{"origin":[0.21951771,7.875,8.556026],"angle":45.0,"axis":"y"}}],"display":{"head":{"rotation":[0.0,0.0,0.0]},"firstperson_righthand":{"rotation":[0.0,0.0,0.0]},"thirdperson_lefthand":{"rotation":[0.0,-0.0,-0.0]},"firstperson_lefthand":{"rotation":[0.0,-0.0,-0.0]},"fixed":{"rotation":[0.0,0.0,0.0]},"ground":{"rotation":[0.0,0.0,0.0]},"thirdperson_righthand":{"rotation":[0.0,0.0,0.0]},"gui":{"rotation":[-150.0,-45.0,180.0]}}}