{"textures":{"0":"modelengine:entity/ender_dragon","particle":"#0"},"elements":[{"from":[8.202263,7.4375,7.751236],"to":[30.702267,8.6875,9.001236],"faces":{"east":{"uv":[1.6015625,7.5234375,1.5625,7.5625],"tintindex":0,"rotation":0,"texture":"#0"},"south":{"uv":[8.046875,6.3671875,7.34375,6.40625],"tintindex":0,"rotation":0,"texture":"#0"},"north":{"uv":[8.0390625,5.7265625,7.3359375,5.765625],"tintindex":0,"rotation":0,"texture":"#0"},"west":{"uv":[1.6015625,7.484375,1.5625,7.5234375],"tintindex":0,"rotation":0,"texture":"#0"},"up":{"uv":[7.34375,6.4453125,8.046875,6.40625],"tintindex":0,"rotation":0,"texture":"#0"},"down":{"uv":[7.34375,6.4453125,8.046875,6.484375],"tintindex":0,"rotation":0,"texture":"#0"}}},{"from":[8.202263,7.75,9.001236],"to":[30.702267,7.75,25.251236],"faces":{"up":{"uv":[2.90625,3.46875,3.609375,2.9609375],"tintindex":0,"rotation":0,"texture":"#0"},"down":{"uv":[2.90625,2.9609375,3.609375,3.46875],"tintindex":0,"rotation":0,"texture":"#0"}}}],"display":{"head":{"rotation":[0.0,0.0,0.0]},"firstperson_righthand":{"rotation":[0.0,0.0,0.0]},"thirdperson_lefthand":{"rotation":[0.0,-0.0,-0.0]},"firstperson_lefthand":{"rotation":[0.0,-0.0,-0.0]},"fixed":{"rotation":[0.0,0.0,0.0]},"ground":{"rotation":[0.0,0.0,0.0]},"thirdperson_righthand":{"rotation":[0.0,0.0,0.0]},"gui":{"rotation":[-150.0,-45.0,180.0]}}}